Upah,Lama Bekerja (tahun),Jenis Kelamin,Cluster
8241785.0,1.7999999999999998,Laki-laki,1
6654339.0,7.1000000000000005,Perempuan,0
8619221.0,4.6,Perempuan,1
10807574.0,6.7,Laki-laki,1
6414616.0,8.4,Laki-laki,0
6414657.0,1.7000000000000002,Laki-laki,0
10948032.0,0.1999999999999993,Perempuan,1
8918586.0,7.8,Laki-laki,1
5826314.0,6.1,Perempuan,0
8356399.999999999,7.0,Perempuan,1
5841455.0,8.4,Laki-laki,0
5835675.0,7.999999999999999,Perempuan,0
7604905.0,9.600000000000001,Perempuan,1
2216799.0,5.4,Perempuan,0
2687705.0,4.9,Perempuan,0
5594281.0,4.0,Laki-laki,0
4467922.0,1.5,Laki-laki,0
7785618.0,5.7,Perempuan,1
4729939.0,2.8,Perempuan,0
3469240.0,9.2,Laki-laki,0
10664121.0,5.8,Perempuan,1
6435559.0,5.9,Laki-laki,0
7168820.0,3.5,Perempuan,1
3438129.0,0.5,Perempuan,0
5639043.0,0.2999999999999998,Laki-laki,0
7277306.0,4.2,Laki-laki,1
4122516.0000000005,0.7999999999999998,Laki-laki,0
7939245.0,6.1,Laki-laki,1
5498403.000000001,8.8,Perempuan,0
6270765.0,8.8,Laki-laki,0
5495733.0,6.6,Perempuan,0
11630695.0,2.1,Laki-laki,1
6966256.0,8.6,Laki-laki,0
4355722.0,8.899999999999999,Perempuan,0
9056362.0,2.0,Laki-laki,1
3947890.0,7.4,Laki-laki,0
7522158.0,2.9,Laki-laki,1
2100823.999999999,7.999999999999999,Laki-laki,0
3679534.0,10.0,Perempuan,0
7492153.0,0.2999999999999998,Perempuan,1
8846166.0,9.0,Laki-laki,1
7428420.0,6.199999999999999,Laki-laki,1
6710879.0,9.7,Laki-laki,0
6247240.0,4.7,Perempuan,0
3303695.0,8.5,Perempuan,0
5200389.0,0.5999999999999988,Perempuan,0
5848403.0,3.4,Perempuan,0
9642805.000000002,0.7000000000000002,Laki-laki,1
7859045.0,9.8,Laki-laki,1
2592399.000000001,8.2,Laki-laki,0
7810209.0,8.5,Perempuan,1
6037294.0,9.4,Laki-laki,0
5307694.0,0.9000000000000004,Perempuan,0
8529190.0,3.8999999999999995,Perempuan,1
9577498.0,0.7000000000000002,Laki-laki,1
9328200.0,2.1,Laki-laki,1
4901956.0,2.3,Laki-laki,0
6226969.0,4.7,Perempuan,0
7828158.0,2.7,Perempuan,1
9438862.0,1.0,Laki-laki,1
5802064.0,1.7000000000000002,Laki-laki,0
6535852.0,1.5,Perempuan,0
4234162.000000001,9.7,Laki-laki,0
4009483.0,7.6,Perempuan,0
9031314.0,9.7,Perempuan,1
10390600.0,4.4,Laki-laki,1
6819974.0,2.8,Laki-laki,0
9508832.0,7.999999999999999,Laki-laki,1
7904090.0,3.3,Laki-laki,1
5387200.0,3.0,Perempuan,0
7903489.0,2.3,Perempuan,1
10845091.0,1.2999999999999998,Perempuan,1
6910434.0,2.6,Laki-laki,0
10911609.0,3.5999999999999996,Perempuan,1
1000000.0,6.7,Laki-laki,0
9054756.0,0.5999999999999988,Laki-laki,1
7217617.0,2.1,Laki-laki,1
6252481.0,8.099999999999998,Laki-laki,0
7229401.0,1.5,Laki-laki,1
2031077.0,3.4,Laki-laki,0
6450820.0,8.6,Perempuan,0
7892781.0,1.5,Laki-laki,1
10694735.0,0.7999999999999998,Perempuan,1
5704324.0,4.8,Perempuan,0
4978765.0,3.0,Laki-laki,0
5745607.0,5.6,Laki-laki,0
9288505.0,7.999999999999999,Laki-laki,1
7821877.0,1.3999999999999995,Perempuan,1
5675599.0,5.8,Laki-laki,0
8283168.0,5.1,Perempuan,1
7242693.0,1.3999999999999995,Laki-laki,1
9421612.0,6.199999999999999,Laki-laki,1
5244867.0,2.7,Perempuan,0
6180844.0,4.9,Perempuan,0
6019729.0,0.7999999999999998,Laki-laki,0
3341212.0,4.6,Perempuan,0
7740300.0,3.1,Perempuan,1
7652638.0,8.2,Perempuan,1
7012783.0,0.5999999999999988,Perempuan,0
50000.0,4.8,Perempuan,0
6413532.0,4.2,Perempuan,0
3461573.0,4.6,Laki-laki,0
5948386.0,7.300000000000001,Laki-laki,0
6143213.0,5.7,Perempuan,0
4994306.0,6.7,Laki-laki,0
6596785.0,7.8,Laki-laki,0
8010127.0,8.6,Perempuan,1
11715464.0,3.1,Laki-laki,1
7436444.0,5.4,Perempuan,1
7643875.0,8.4,Perempuan,1
6813885.0,9.900000000000002,Laki-laki,0
2203071.0,8.899999999999999,Perempuan,0
6933715.0,3.7,Perempuan,0
7150575.0,2.0,Perempuan,1
13158105.0,4.9,Perempuan,1
6519097.0,7.4,Perempuan,0
7753868.0,4.9,Laki-laki,1
6913220.0,4.8,Laki-laki,0
4078304.0,8.4,Perempuan,0
9857057.0,3.5999999999999996,Perempuan,1
8879832.0,8.6,Laki-laki,1
8977579.0,4.1,Perempuan,1
4726531.0,3.3,Laki-laki,0
10506985.0,4.5,Perempuan,1
3495372.0,7.6,Perempuan,0
8467142.0,1.2999999999999998,Perempuan,1
12476139.0,2.0,Perempuan,1
4523659.0,9.499999999999998,Perempuan,0
5584255.0,1.7999999999999998,Perempuan,0
10000.000000000931,14.9,Laki-laki,0
7249128.0,5.7,Perempuan,1
5741310.0,5.8,Laki-laki,0
3123341.0,4.9,Laki-laki,0
7171407.0,6.4,Laki-laki,1
4344240.000000001,2.3,Perempuan,0
8183981.0,5.5,Perempuan,1
4701439.0,3.7,Perempuan,0
10874836.0,6.6,Perempuan,1
5041866.000000001,1.3999999999999995,Perempuan,0
6194846.0,5.7,Perempuan,0
9033793.0,1.9,Perempuan,1
3922839.0,2.8,Laki-laki,0
1000000.0,4.8,Laki-laki,0
7568649.0,2.2,Perempuan,1
10267856.0,1.7999999999999998,Laki-laki,1
2981291.0,8.3,Laki-laki,0
7461584.0,2.9,Perempuan,1
7649706.0,9.3,Perempuan,1
8954557.0,9.7,Laki-laki,1
3907623.0,5.7,Laki-laki,0
3698858.0,1.3999999999999995,Perempuan,0
8304853.0,3.7,Perempuan,1
7742461.0,7.999999999999999,Laki-laki,1
7626232.0,3.7,Perempuan,1
7866120.0,0.9000000000000004,Perempuan,1
5299938.0,5.6,Perempuan,0
7580634.0,8.5,Laki-laki,1
7732681.0,7.999999999999999,Laki-laki,1
5214121.0,1.7999999999999998,Laki-laki,0
11664436.0,6.7,Perempuan,1
8184582.0,2.2,Perempuan,1
4021741.0,2.2,Laki-laki,0
8641384.0,8.7,Laki-laki,1
4563295.0,2.4999999999999996,Laki-laki,0
8967711.0,2.6,Perempuan,1
9896488.000000002,0.0,Laki-laki,1
4948294.0,8.7,Laki-laki,0
9408440.0,7.9,Perempuan,1
8031952.0,6.3,Perempuan,1
9055150.0,7.5,Perempuan,1
11741982.0,1.5,Laki-laki,1
6386529.0,4.6,Perempuan,0
5115659.0,3.5,Perempuan,0
4776213.0,0.9000000000000004,Laki-laki,0
4960474.0,4.9,Perempuan,0
6807245.0,9.2,Laki-laki,0
7852879.0,0.40000000000000036,Laki-laki,1
7691726.0,2.9,Perempuan,1
9067958.0,2.1,Perempuan,1
7032504.0,2.4,Perempuan,0
10633835.0,9.099999999999998,Perempuan,1
6338357.0,4.7,Perempuan,0
13800422.0,4.7,Perempuan,1
8564168.0,7.6,Laki-laki,1
4857106.0,1.5,Laki-laki,0
4322768.0,4.9,Perempuan,0
8206181.0,4.3,Laki-laki,1
6441343.0,6.0,Perempuan,0
8785001.0,10.0,Laki-laki,1
8183094.0,7.700000000000001,Laki-laki,1
6817927.0,4.0,Laki-laki,0
4883015.0,8.3,Perempuan,0
3212880.9999999995,1.7000000000000002,Laki-laki,0
5883712.0,0.2999999999999998,Perempuan,0
9140996.0,2.0,Laki-laki,1
7535234.0,3.4,Laki-laki,1
3885653.0,5.1,Laki-laki,0
7432952.0,6.199999999999999,Laki-laki,1
7963293.0,9.099999999999998,Laki-laki,1
4790356.0,5.1,Perempuan,0
7384312.0,5.0,Perempuan,1
7145521.0,0.5,Laki-laki,1
4142574.0,0.2999999999999998,Laki-laki,0
7894468.0,5.5,Laki-laki,1
8401961.0,4.4,Laki-laki,1
9707628.0,8.4,Perempuan,1
9634505.0,1.6000000000000005,Laki-laki,1
3555826.0,0.1999999999999993,Perempuan,0
4655437.0,4.5,Laki-laki,0
8287588.0,2.4,Perempuan,1
8284464.0,0.5,Laki-laki,1
8287619.0,7.2,Laki-laki,1
16631828.0,1.0999999999999996,Perempuan,1
8427226.0,6.1,Laki-laki,1
9838914.0,2.8,Laki-laki,1
9385004.0,1.7000000000000002,Laki-laki,1
8628478.0,3.8,Perempuan,1
6211826.0,7.999999999999999,Laki-laki,0
8897423.0,3.8999999999999995,Laki-laki,1
5067936.0,7.5,Perempuan,0
6407953.0,1.2999999999999998,Perempuan,0
5786591.0,7.700000000000001,Perempuan,0
7204685.0,2.4,Laki-laki,1
12786646.0,6.799999999999999,Laki-laki,1
2331837.0,5.7,Laki-laki,0
8715650.0,9.3,Perempuan,1
2968210.0,3.8999999999999995,Laki-laki,0
5820170.0,0.7000000000000002,Laki-laki,0
9722376.0,0.1999999999999993,Perempuan,1
7160700.0,8.3,Perempuan,1
4305637.999999999,5.2,Perempuan,0
5211740.0,7.8,Perempuan,0
8698994.0,2.3,Perempuan,1
5174083.0,3.5,Laki-laki,0
7541146.0,0.2999999999999998,Perempuan,1
7113929.0,9.600000000000001,Laki-laki,0
5370999.0,6.7,Laki-laki,0
12359860.0,9.3,Perempuan,1
8584797.0,2.7,Perempuan,1
1937143.0,6.1,Perempuan,0
7466135.0,6.799999999999999,Laki-laki,1
5345533.0,3.2,Perempuan,0
9131083.0,8.5,Perempuan,1
5018698.0,9.499999999999998,Perempuan,0
6713158.0,8.8,Perempuan,0
8262468.0,7.4,Perempuan,1
9164387.0,2.8,Laki-laki,1
3999258.0,2.8,Laki-laki,0
6163746.0,9.600000000000001,Laki-laki,0
5812636.0,0.09999999999999964,Perempuan,0
5366676.0,7.2,Perempuan,0
11413635.0,7.1000000000000005,Perempuan,1
8012454.0,6.199999999999999,Laki-laki,1
3847790.0,9.900000000000002,Perempuan,0
9294654.0,3.1,Perempuan,1
12305390.0,3.4,Perempuan,1
9581163.0,0.7999999999999998,Laki-laki,1
3201575.0000000005,4.4,Perempuan,0
5789414.0,2.6,Laki-laki,0
10167277.0,3.4,Perempuan,1
5230826.0,8.3,Laki-laki,0
8109548.0,9.4,Laki-laki,1
8936585.0,1.9,Laki-laki,1
4682673.0,3.7,Perempuan,0
6851186.0,9.3,Perempuan,0
1000000.0,0.5999999999999988,Laki-laki,0
4439030.0,0.9000000000000004,Laki-laki,0
6368579.0,1.6000000000000005,Perempuan,0
3880542.0,6.0,Perempuan,0
11081028.0,1.5,Laki-laki,1
3424646.0,9.7,Perempuan,0
5899888.0,4.5,Perempuan,0
7326851.0,5.0,Perempuan,1
10603183.0,2.4999999999999996,Perempuan,1
3410344.0,4.7,Laki-laki,0
9907909.0,6.6,Perempuan,1
7025582.0,7.5,Perempuan,0
4546228.0,7.5,Laki-laki,0
8155258.0,5.8,Laki-laki,1
7497649.0,9.0,Perempuan,1
5499456.999999999,8.2,Perempuan,0
7174505.0,7.6,Perempuan,1
6036716.0,0.5999999999999988,Perempuan,0
7283793.0,0.09999999999999964,Laki-laki,1
8655326.0,2.1,Laki-laki,1
10965042.0,6.6,Laki-laki,1
3905461.0,4.1,Perempuan,0
12332582.999999998,4.0,Perempuan,1
2119780.0,8.8,Perempuan,0
6620537.0,9.0,Perempuan,0
8470793.0,9.099999999999998,Laki-laki,1
7702479.0,3.1,Laki-laki,1
5443251.0,6.9,Perempuan,0
6479694.0,2.7,Laki-laki,0
5767497.0,1.9,Perempuan,0
5526588.0,1.7999999999999998,Perempuan,0
9124005.0,3.4,Laki-laki,1
7892538.0,4.3,Perempuan,1
5267726.0,8.3,Perempuan,0
9248999.0,1.2000000000000002,Laki-laki,1
7768248.0,7.300000000000001,Perempuan,1
9032155.0,5.300000000000001,Perempuan,1
8574072.0,2.9,Laki-laki,1
4927512.0,4.9,Perempuan,0
5599547.0,3.0,Laki-laki,0
8868234.0,6.0,Perempuan,1
8525925.0,4.3,Laki-laki,1
6947746.0,1.6000000000000005,Laki-laki,0
7293318.0,1.2000000000000002,Laki-laki,1
10194162.000000002,5.5,Perempuan,1
5521071.0,9.0,Laki-laki,0
8367743.000000001,3.4,Laki-laki,1
6494518.0,7.300000000000001,Laki-laki,0
6455796.0,6.6,Laki-laki,0
9746942.0,9.3,Laki-laki,1
9063540.0,8.2,Perempuan,1
9033774.0,5.7,Perempuan,1
10263697.0,6.6,Perempuan,1
7052509.0,9.0,Perempuan,0
8704882.0,4.0,Perempuan,1
6224333.0,3.3,Perempuan,0
7810415.0,0.09999999999999964,Perempuan,1
6674642.0,8.3,Laki-laki,0
7242489.0,7.999999999999999,Perempuan,1
8487892.0,1.0,Laki-laki,1
4954448.0,5.8,Laki-laki,0
12230968.0,4.6,Perempuan,1
4484956.0,1.2000000000000002,Laki-laki,0
3964528.0,9.8,Laki-laki,0
9895277.0,2.1,Laki-laki,1
8979156.0,0.7000000000000002,Laki-laki,1
8560299.0,5.9,Perempuan,1
8570863.0,7.4,Perempuan,1
6969383.0,0.2999999999999998,Perempuan,0
4756864.0,6.6,Perempuan,0
7189511.0,5.300000000000001,Perempuan,1
5307095.0,1.0,Perempuan,0
9437799.0,1.7000000000000002,Perempuan,1
6632356.0,5.7,Perempuan,0
4936257.0,3.0,Perempuan,0
6196535.0,9.4,Perempuan,0
8032328.0,8.2,Laki-laki,1
5590688.0,9.8,Perempuan,0
4944449.0,2.6,Laki-laki,0
7609218.0,9.7,Laki-laki,1
7612416.0,4.3,Laki-laki,1
5732642.0,3.5,Laki-laki,0
5822404.0,0.5,Perempuan,0
7580124.0,0.5,Laki-laki,1
3379789.0,6.9,Perempuan,0
3481340.0,4.6,Perempuan,0
5203889.0,2.3,Laki-laki,0
6466382.0,6.1,Perempuan,0
7777268.0,2.4999999999999996,Laki-laki,1
10688390.0,5.8,Laki-laki,1
9144149.0,3.5999999999999996,Perempuan,1
6600153.0,8.2,Perempuan,0
6952459.0,8.2,Laki-laki,0
4493676.0,4.8,Perempuan,0
6953717.0,3.5,Perempuan,0
6278353.0,3.5999999999999996,Perempuan,0
7806796.0,8.099999999999998,Laki-laki,1
4931922.0,3.3,Laki-laki,0
8298366.0,2.1,Perempuan,1
10831847.0,0.7999999999999998,Perempuan,1
6728099.0,4.7,Perempuan,0
8004279.0,4.8,Perempuan,1
8725359.0,8.4,Perempuan,1
5996948.0,2.2,Laki-laki,0
7560231.0,3.8,Perempuan,1
7031481.0,8.099999999999998,Laki-laki,0
7244190.0,8.2,Perempuan,1
5067475.0,3.8,Laki-laki,0
7061275.0,4.6,Perempuan,0
8244995.0,3.0,Laki-laki,1
10627859.0,9.3,Perempuan,1
9398177.0,1.2000000000000002,Laki-laki,1
12382956.000000002,9.3,Laki-laki,1
5081631.0,6.799999999999999,Laki-laki,0
9180801.0,5.300000000000001,Laki-laki,1
7458355.0,0.2999999999999998,Laki-laki,1
12474507.0,4.8,Laki-laki,1
4979254.0,4.1,Perempuan,0
4900695.0,1.6000000000000005,Laki-laki,0
5501518.0,6.6,Perempuan,0
1690260.0,9.7,Perempuan,0
5685612.0,5.6,Perempuan,0
5102168.0,7.1000000000000005,Perempuan,0
7375984.0,0.7000000000000002,Perempuan,1
7854389.0,4.2,Laki-laki,1
11690427.0,1.2000000000000002,Laki-laki,1
9376059.0,6.1,Laki-laki,1
5557740.0,9.4,Perempuan,0
4753963.0,6.6,Laki-laki,0
8229797.0,0.7999999999999998,Laki-laki,1
3699416.0,3.5,Laki-laki,0
11578646.0,5.5,Laki-laki,1
9948600.0,4.0,Laki-laki,1
5827060.0,8.3,Perempuan,0
2717163.0,8.099999999999998,Laki-laki,0
10384680.0,6.1,Perempuan,1
6713650.0,3.7,Perempuan,0
10094540.0,2.6,Perempuan,1
3013930.0,1.0999999999999996,Perempuan,0
5501562.0,3.5,Perempuan,0
7013109.0,4.1,Laki-laki,0
7117451.0,6.799999999999999,Laki-laki,0
5874836.0,6.6,Laki-laki,0
8557124.0,0.7000000000000002,Perempuan,1
4330948.0,4.0,Laki-laki,0
6644051.0,1.7999999999999998,Laki-laki,0
7300739.0,1.6000000000000005,Perempuan,1
8286097.0,8.3,Perempuan,1
8779037.0,0.40000000000000036,Perempuan,1
4188393.999999999,4.2,Perempuan,0
3164714.0,1.7000000000000002,Laki-laki,0
10194192.0,8.8,Perempuan,1
7830785.0,5.6,Perempuan,1
5128783.0,2.3,Laki-laki,0
10877879.0,5.0,Laki-laki,1
7289186.0,7.300000000000001,Perempuan,1
9948242.0,9.600000000000001,Laki-laki,1
7168796.0,2.2,Perempuan,1
12151869.0,8.899999999999999,Perempuan,1
11388352.0,9.3,Laki-laki,1
6377589.0,9.2,Laki-laki,0
9428927.0,6.4,Perempuan,1
8613439.0,6.3,Perempuan,1
10421578.0,4.0,Perempuan,1
4587691.0,7.5,Laki-laki,0
8715128.0,5.300000000000001,Perempuan,1
9646061.0,6.799999999999999,Perempuan,1
2603151.0,4.3,Perempuan,0
4041853.0,7.300000000000001,Perempuan,0
1901919.0,8.2,Perempuan,0
6326482.0,1.5,Laki-laki,0
8793855.0,8.3,Perempuan,1
10755892.0,5.4,Perempuan,1
7185236.0,8.4,Perempuan,1
11071538.0,4.3,Perempuan,1
3549746.0,3.8,Laki-laki,0
2741543.0,9.2,Laki-laki,0
6861130.0,2.4999999999999996,Laki-laki,0
7960163.0,8.4,Perempuan,1
6918263.0,4.8,Perempuan,0
1831394.0,5.1,Laki-laki,0
6777199.0,3.1,Laki-laki,0
3738826.0000000005,5.7,Laki-laki,0
8674181.0,3.3,Perempuan,1
7916495.0,0.40000000000000036,Perempuan,1
4650300.0,2.7,Laki-laki,0
5715332.0,0.09999999999999964,Laki-laki,0
4351966.0,9.8,Laki-laki,0
6843302.0,9.7,Perempuan,0
9387855.000000002,4.0,Perempuan,1
4535683.999999999,7.300000000000001,Perempuan,0
8260116.0,3.5,Laki-laki,1
5674355.0,6.7,Laki-laki,0
5017817.0,8.099999999999998,Perempuan,0
6732424.0,9.499999999999998,Laki-laki,0
4411894.0,4.0,Perempuan,0
5615876.000000001,7.8,Laki-laki,0
4005305.0,2.7,Laki-laki,0
11911812.0,9.900000000000002,Laki-laki,1
7088158.0,0.2999999999999998,Laki-laki,0
5250686.0,6.0,Perempuan,0
7534949.0,6.6,Laki-laki,1
6719179.0,6.9,Perempuan,0
6447576.0,1.2000000000000002,Perempuan,0
8535416.0,9.4,Perempuan,1
8893769.0,1.7999999999999998,Laki-laki,1
5673747.0,6.199999999999999,Perempuan,0
5560454.0,2.2,Perempuan,0
6312370.0,3.1,Perempuan,0
1245197.0,5.5,Laki-laki,0
3212022.0,4.2,Laki-laki,0
10417185.0,1.6000000000000005,Perempuan,1
11112419.0,1.7000000000000002,Laki-laki,1
6377409.0,4.2,Perempuan,0
8441392.0,7.6,Perempuan,1
7778125.0,9.0,Laki-laki,1
14697202.0,0.7999999999999998,Perempuan,1
9798937.0,3.8999999999999995,Laki-laki,1
6680206.0,1.0,Laki-laki,0
4611148.000000001,0.1999999999999993,Perempuan,0
2983884.0,6.6,Laki-laki,0
7508659.0,6.0,Laki-laki,1
5109123.0,1.6000000000000005,Perempuan,0
3444365.0000000005,2.3,Perempuan,0
5383567.0,0.1999999999999993,Laki-laki,0
4296128.999999999,8.3,Laki-laki,0
11217854.0,9.7,Perempuan,1
9204099.0,1.3999999999999995,Laki-laki,1
6980068.0,2.3,Laki-laki,0
10699860.0,8.7,Laki-laki,1
7193420.0,9.3,Laki-laki,1
4846789.0,4.2,Laki-laki,0
10807810.0,0.5,Laki-laki,1
8347275.0,0.40000000000000036,Laki-laki,1
4406884.0,5.7,Perempuan,0
6524153.0,3.8999999999999995,Perempuan,0
4810954.0,0.2999999999999998,Perempuan,0
3543000.0,5.8,Perempuan,0
9315443.0,0.09999999999999964,Perempuan,1
11773541.0,7.9,Laki-laki,1
3503581.0,3.1,Laki-laki,0
8407423.0,0.40000000000000036,Laki-laki,1
5373392.999999999,5.9,Laki-laki,0
5782186.0,4.0,Perempuan,0
5519015.0,9.7,Laki-laki,0
4840023.0,5.4,Laki-laki,0
7121304.0,2.8,Perempuan,1
4922624.0,7.1000000000000005,Laki-laki,0
7676142.0,2.7,Laki-laki,1
6874404.0,9.0,Perempuan,0
6402629.0,3.7,Laki-laki,0
4731090.0,5.5,Laki-laki,0
5558071.0,0.5,Laki-laki,0
8888478.0,4.3,Laki-laki,1
8252292.0,8.3,Laki-laki,1
4556111.0,8.099999999999998,Perempuan,0
7248330.0,2.2,Perempuan,1
8878467.0,2.3,Perempuan,1
2826486.0,8.2,Perempuan,0
8358400.0,9.3,Perempuan,1
5343440.0,1.0,Perempuan,0
8426496.0,4.5,Laki-laki,1
5091852.0,3.4,Perempuan,0
2487794.0,8.7,Perempuan,0
2931142.9999999995,0.7999999999999998,Laki-laki,0
7120212.0,2.1,Laki-laki,1
7649306.0,7.5,Perempuan,1
4739208.0,0.5,Laki-laki,0
8596481.0,4.9,Perempuan,1
2846199.0,4.4,Laki-laki,0
6834800.0,3.3,Perempuan,0
3972459.0,3.8999999999999995,Laki-laki,0
5370409.0,5.300000000000001,Laki-laki,0
7118496.0,1.6000000000000005,Perempuan,0
4848966.0,5.7,Perempuan,0
6038611.0,8.099999999999998,Perempuan,0
9515732.0,7.6,Perempuan,1
5557770.0,1.5,Perempuan,0
9089230.0,1.5,Laki-laki,1
4175731.9999999995,2.7,Perempuan,0
8324510.0,3.5999999999999996,Perempuan,1
10603921.0,4.1,Laki-laki,1
1000000.0,6.799999999999999,Laki-laki,0
5007761.0,0.5999999999999988,Perempuan,0
8442680.0,0.2999999999999998,Laki-laki,1
6492386.0,3.8999999999999995,Laki-laki,0
7927864.0,7.0,Perempuan,1
5490037.0,1.9,Laki-laki,0
7216474.0,6.4,Laki-laki,1
6610806.0,2.6,Perempuan,0
9919455.0,8.899999999999999,Perempuan,1
7636052.0,9.0,Laki-laki,1
7844006.0,3.0,Laki-laki,1
5970307.0,2.3,Perempuan,0
5780984.0,4.1,Laki-laki,0
5918604.0,2.4,Laki-laki,0
7986130.0,6.7,Laki-laki,1
5947538.0,8.3,Perempuan,0
7724437.0,6.7,Laki-laki,1
12188501.0,8.2,Laki-laki,1
9177811.0,4.0,Perempuan,1
6184941.0,1.6000000000000005,Laki-laki,0
10003034.0,7.4,Laki-laki,1
5979811.0,3.5999999999999996,Perempuan,0
1904688.0,6.7,Perempuan,0
4479784.0,2.7,Perempuan,0
2323019.999999999,0.7999999999999998,Perempuan,0
6121216.0,9.900000000000002,Laki-laki,0
7046045.0,1.6000000000000005,Laki-laki,0
11191093.0,9.900000000000002,Perempuan,1
7817318.0,9.8,Perempuan,1
6452248.0,7.9,Laki-laki,0
9073513.0,6.6,Perempuan,1
1472160.999999999,5.8,Laki-laki,0
7589036.000000001,8.7,Perempuan,1
8927162.0,2.9,Laki-laki,1
3303534.0,4.7,Perempuan,0
9859385.0,6.199999999999999,Perempuan,1
7846241.000000001,4.1,Laki-laki,1
5961780.0,4.3,Perempuan,0
8581954.0,3.3,Laki-laki,1
12676732.0,5.6,Laki-laki,1
7454665.0,8.5,Laki-laki,1
7620551.0,2.0,Laki-laki,1
5851597.0,9.3,Laki-laki,0
4875389.0,6.9,Perempuan,0
9075839.0,8.2,Perempuan,1
4859790.0,5.6,Laki-laki,0
7178915.0,7.8,Perempuan,1
5805856.0,0.1999999999999993,Laki-laki,0
8197449.0,8.2,Perempuan,1
7834155.0,0.40000000000000036,Perempuan,1
9593849.0,8.899999999999999,Perempuan,1
5724959.0,9.900000000000002,Perempuan,0
6325312.0,2.9,Laki-laki,0
4553090.0,2.1,Laki-laki,0
5889266.0,7.700000000000001,Perempuan,0
7943251.0,2.4999999999999996,Perempuan,1
8892471.000000002,8.7,Laki-laki,1
4694586.0,1.0,Perempuan,0
9174014.0,1.2999999999999998,Laki-laki,1
10389094.0,9.8,Laki-laki,1
8033587.0,6.7,Laki-laki,1
11691989.0,8.5,Perempuan,1
5065527.0,3.2,Laki-laki,0
3888363.0,6.799999999999999,Perempuan,0
2553199.0,5.9,Laki-laki,0
10740110.0,6.0,Perempuan,1
8635913.999999998,6.799999999999999,Perempuan,1
6861038.0,5.8,Perempuan,0
7699921.0,4.3,Laki-laki,1
4186277.0000000005,2.8,Laki-laki,0
13114379.0,7.700000000000001,Perempuan,1
7323052.0,2.3,Perempuan,1
7273486.0,6.9,Perempuan,1
8814416.0,2.3,Laki-laki,1
8202523.0,6.3,Laki-laki,1
7559710.0,7.5,Laki-laki,1
5023813.0,2.2,Laki-laki,0
8178670.0,0.5999999999999988,Perempuan,1
11705061.0,1.2999999999999998,Perempuan,1
10363550.0,6.1,Laki-laki,1
10982966.0,8.5,Laki-laki,1
5721960.0,0.40000000000000036,Perempuan,0
4525987.0,7.300000000000001,Laki-laki,0
6685532.0,3.4,Laki-laki,0
7139312.0,4.8,Laki-laki,1
9735478.0,9.3,Laki-laki,1
2768838.0,3.3,Laki-laki,0
10823875.0,4.7,Laki-laki,1
6604980.0,0.09999999999999964,Perempuan,0
5932797.0,0.7999999999999998,Laki-laki,0
4469739.0,2.6,Laki-laki,0
2862858.0,0.2999999999999998,Perempuan,0
9057926.0,6.3,Perempuan,1
7183294.0,4.3,Perempuan,1
3775097.0,5.5,Laki-laki,0
3762303.0,1.7000000000000002,Perempuan,0
6160538.0,3.0,Laki-laki,0
11172553.0,6.6,Laki-laki,1
6351021.0,9.7,Laki-laki,0
3242142.0,0.5,Perempuan,0
6385642.0,8.899999999999999,Perempuan,0
6318191.0,5.8,Perempuan,0
1000000.0,5.6,Perempuan,0
6864262.0,5.0,Perempuan,0
6422663.0,0.7000000000000002,Laki-laki,0
8740515.0,0.9000000000000004,Laki-laki,1
11622390.0,6.0,Laki-laki,1
9816412.0,3.4,Laki-laki,1
6327778.0,9.2,Perempuan,0
4233685.0,4.1,Perempuan,0
13433399.0,1.3999999999999995,Laki-laki,1
7148046.0,7.1000000000000005,Perempuan,1
7034823.0,2.9,Perempuan,0
6939687.0,5.300000000000001,Laki-laki,0
7495211.0,7.0,Laki-laki,1
6639098.0,9.0,Perempuan,0
5565844.0,7.9,Perempuan,0
5632852.0,6.799999999999999,Laki-laki,0
6918116.0,6.799999999999999,Laki-laki,0
5641438.0,9.499999999999998,Laki-laki,0
5217885.0,3.0,Perempuan,0
7266075.0,0.0,Laki-laki,1
6362556.0,2.7,Laki-laki,0
10759982.0,2.2,Perempuan,1
1000000.0,6.6,Perempuan,0
9728767.0,6.3,Perempuan,1
10115212.0,5.9,Perempuan,1
1816524.0,0.1999999999999993,Perempuan,0
6143281.0,7.300000000000001,Laki-laki,0
6071397.0,3.2,Laki-laki,0
3481220.0,6.7,Perempuan,0
5055458.0,5.6,Perempuan,0
4223560.0,3.4,Perempuan,0
11380676.0,1.2999999999999998,Perempuan,1
9339195.0,0.9000000000000004,Perempuan,1
10178887.0,8.3,Laki-laki,1
8804180.0,9.2,Laki-laki,1
4177370.0000000005,6.5,Laki-laki,0
5688699.0,1.0,Laki-laki,0
8223436.0,4.0,Perempuan,1
3944680.0,7.300000000000001,Laki-laki,0
8782496.0,7.8,Perempuan,1
6399186.0,1.2000000000000002,Perempuan,0
6062947.0,0.0,Perempuan,0
8777399.0,7.1000000000000005,Laki-laki,1
8110658.0,3.5999999999999996,Perempuan,1
6097584.0,2.4999999999999996,Laki-laki,0
9898324.0,0.09999999999999964,Laki-laki,1
4297341.0,5.4,Perempuan,0
8539839.0,8.5,Perempuan,1
8482753.000000002,9.600000000000001,Perempuan,1
6226133.0,5.7,Laki-laki,0
7815332.0,5.1,Perempuan,1
3872215.9999999995,0.9000000000000004,Laki-laki,0
9310067.0,5.5,Perempuan,1
6537744.0,3.8,Perempuan,0
5693192.0,6.1,Laki-laki,0
9622523.0,3.8999999999999995,Laki-laki,1
5239140.0,2.4,Laki-laki,0
3478846.0,0.9000000000000004,Laki-laki,0
3108427.0,3.1,Laki-laki,0
8515024.0,1.0,Laki-laki,1
3798926.0,1.7999999999999998,Perempuan,0
11386985.0,9.900000000000002,Perempuan,1
1795176.0,4.4,Laki-laki,0
11241139.999999998,5.300000000000001,Perempuan,1
7527543.0,8.7,Laki-laki,1
6758217.0,10.0,Perempuan,0
5637702.0,5.8,Perempuan,0
7997840.0,8.099999999999998,Laki-laki,1
6905913.0,3.3,Laki-laki,0
9758254.0,3.1,Laki-laki,1
7285569.0,4.0,Perempuan,1
7375754.0,6.7,Laki-laki,1
6090969.0,6.799999999999999,Perempuan,0
6857635.0,3.2,Laki-laki,0
7769504.0,1.2999999999999998,Perempuan,1
2724579.0,6.3,Perempuan,0
3629536.0000000005,1.2999999999999998,Laki-laki,0
8858160.0,5.8,Perempuan,1
7427163.0,6.9,Perempuan,1
6540041.0,7.0,Laki-laki,0
7046084.0,7.5,Perempuan,0
7868954.0,8.7,Laki-laki,1
5650600.0,5.0,Laki-laki,0
5054238.0,7.300000000000001,Laki-laki,0
7489613.0,6.199999999999999,Laki-laki,1
4554068.0,1.9,Perempuan,0
8020631.0,0.2999999999999998,Perempuan,1
2743540.0,2.8,Perempuan,0
9572889.0,4.4,Laki-laki,1
8181493.0,6.199999999999999,Perempuan,1
7640074.0,8.5,Perempuan,1
9456727.0,2.0,Laki-laki,1
11163686.0,1.2999999999999998,Laki-laki,1
9535925.0,9.600000000000001,Perempuan,1
2397814.0,1.0999999999999996,Laki-laki,0
3801057.0,4.8,Laki-laki,0
5437953.0,5.9,Laki-laki,0
7065227.0,5.4,Laki-laki,0
8294147.0,0.9000000000000004,Perempuan,1
5185640.0,0.5999999999999988,Laki-laki,0
7466916.0,1.0999999999999996,Laki-laki,1
5111542.0,5.9,Laki-laki,0
5471205.0,5.4,Laki-laki,0
3483347.0,2.3,Laki-laki,0
4691916.0,6.4,Laki-laki,0
3620788.0,8.2,Laki-laki,0
4560316.0,0.40000000000000036,Laki-laki,0
9634104.0,5.0,Perempuan,1
4626502.0,6.9,Laki-laki,0
13580955.0,2.4999999999999996,Perempuan,1
8233294.0,3.1,Laki-laki,1
7462090.0,6.1,Laki-laki,1
4854105.0,9.0,Laki-laki,0
8750774.0,8.099999999999998,Laki-laki,1
5560905.0,5.8,Perempuan,0
7305024.0,7.300000000000001,Laki-laki,1
13400211.0,3.5999999999999996,Laki-laki,1
6759850.0,6.4,Perempuan,0
9873183.0,4.7,Perempuan,1
5242058.0,1.9,Laki-laki,0
6912528.0,7.0,Perempuan,0
11427001.0,5.6,Perempuan,1
5432582.0,3.5999999999999996,Perempuan,0
11531121.0,9.099999999999998,Laki-laki,1
8769379.0,0.1999999999999993,Laki-laki,1
5593833.0,3.2,Laki-laki,0
8581019.0,0.5999999999999988,Perempuan,1
9431386.0,7.700000000000001,Laki-laki,1
8554524.0,7.0,Perempuan,1
3074437.9999999995,3.3,Laki-laki,0
5182157.0,6.799999999999999,Laki-laki,0
6381203.0,4.0,Perempuan,0
6813916.0,7.6,Laki-laki,0
8551680.0,4.5,Perempuan,1
7444252.000000001,4.1,Perempuan,1
3661639.0,9.3,Laki-laki,0
7950494.0,2.4999999999999996,Perempuan,1
8526464.0,1.2000000000000002,Laki-laki,1
8399476.0,5.8,Laki-laki,1
9701951.0,9.7,Perempuan,1
9084805.0,3.8,Laki-laki,1
8147950.000000001,0.5999999999999988,Perempuan,1
6824585.0,3.4,Laki-laki,0
2847597.000000001,5.1,Laki-laki,0
8074045.0,1.6000000000000005,Laki-laki,1
7519219.0,6.6,Laki-laki,1
7678947.0,10.0,Laki-laki,1
3808128.0,4.5,Perempuan,0
4297358.0,3.5,Perempuan,0
9632882.0,4.0,Perempuan,1
6901112.0,1.2000000000000002,Perempuan,0
8703751.0,8.8,Perempuan,1
7070795.0,4.1,Perempuan,0
7074390.0,3.8999999999999995,Laki-laki,0
9345709.0,6.6,Laki-laki,1
5709888.0,4.4,Perempuan,0
7240301.0,6.5,Perempuan,1
5844311.0,0.5999999999999988,Laki-laki,0
5913759.0,8.099999999999998,Laki-laki,0
6227069.0,9.4,Laki-laki,0
7555334.0,6.5,Perempuan,1
5803128.0,9.499999999999998,Perempuan,0
10139390.0,1.5,Perempuan,1
4763481.0,4.8,Laki-laki,0
6532820.0,6.0,Laki-laki,0
5900672.0,5.8,Perempuan,0
10617444.0,4.0,Perempuan,1
7491386.0,3.4,Laki-laki,1
9579611.0,1.2999999999999998,Laki-laki,1
3286099.0,3.8999999999999995,Laki-laki,0
7667625.0,1.6000000000000005,Laki-laki,1
9224076.0,7.300000000000001,Perempuan,1
7205709.0,2.1,Laki-laki,1
9663699.999999998,0.5999999999999988,Laki-laki,1
5706778.0,5.5,Laki-laki,0
10523368.0,6.0,Perempuan,1
12747245.0,8.7,Perempuan,1
6092903.0,5.8,Laki-laki,0
5886243.0,3.5,Laki-laki,0
10633461.0,7.999999999999999,Laki-laki,1
10948930.0,5.4,Perempuan,1
5692849.0,0.7999999999999998,Perempuan,0
5949532.0,5.7,Perempuan,0
6295538.0,9.099999999999998,Laki-laki,0
3638873.0,4.0,Perempuan,0
4703370.0,3.0,Laki-laki,0
4489648.0,1.3999999999999995,Laki-laki,0
5080506.0,1.5,Laki-laki,0
6913287.0,4.3,Perempuan,0
7585536.0,6.0,Laki-laki,1
10876251.0,0.7999999999999998,Perempuan,1
4504114.0,9.4,Perempuan,0
9460805.0,7.6,Laki-laki,1
6465027.0,5.9,Laki-laki,0
6876340.0,8.3,Perempuan,0
8687048.0,0.7999999999999998,Laki-laki,1
4193194.000000001,4.8,Perempuan,0
7956024.0,6.3,Laki-laki,1
7416130.0,8.3,Perempuan,1
8231128.0,7.8,Perempuan,1
7722921.0,2.8,Perempuan,1
13138250.0,9.4,Perempuan,1
5405650.0,1.2000000000000002,Laki-laki,0
5672507.000000001,8.8,Laki-laki,0
5442148.0,9.7,Perempuan,0
5611307.0,1.7999999999999998,Perempuan,0
5406532.0,7.2,Laki-laki,0
9972541.0,0.40000000000000036,Laki-laki,1
10551260.0,4.1,Laki-laki,1
5573134.0,5.2,Laki-laki,0
4919111.0,5.8,Laki-laki,0
8178538.0,9.4,Laki-laki,1
5619441.999999999,6.7,Perempuan,0
8582329.0,4.8,Laki-laki,1
7507307.0,8.099999999999998,Laki-laki,1
3210639.0,9.499999999999998,Perempuan,0
10868762.999999998,0.1999999999999993,Laki-laki,1
11489694.0,9.8,Laki-laki,1
5468028.0,0.9000000000000004,Laki-laki,0
6030746.0,8.099999999999998,Laki-laki,0
7714663.0,2.8,Laki-laki,1
7836141.0,1.2999999999999998,Perempuan,1
8646360.0,4.4,Laki-laki,1
12025511.0,6.4,Perempuan,1
6557631.0,3.8,Perempuan,0
5004256.0,0.5,Laki-laki,0
3551701.0,6.0,Perempuan,0
5172674.0,9.0,Laki-laki,0
6917182.0,3.8,Perempuan,0
11486394.0,2.2,Perempuan,1
5705971.0,4.4,Laki-laki,0
7559469.0,0.5,Laki-laki,1
6958942.0,8.2,Laki-laki,0
9970983.0,8.3,Laki-laki,1
13317331.0,5.9,Laki-laki,1
5672828.0,3.5,Perempuan,0
5776401.0,7.999999999999999,Perempuan,0
9610402.0,5.5,Perempuan,1
8704727.999999998,8.3,Perempuan,1
11616768.0,6.3,Perempuan,1
8459820.0,7.8,Perempuan,1
6101769.0,6.0,Perempuan,0
8476637.0,4.1,Laki-laki,1
9771758.0,9.600000000000001,Laki-laki,1
9051205.0,5.4,Perempuan,1
8268185.0,6.1,Perempuan,1
9666686.0,2.2,Laki-laki,1
9923238.0,6.3,Laki-laki,1
10455397.0,5.7,Laki-laki,1
8621774.0,1.7999999999999998,Laki-laki,1
6582204.0,0.5999999999999988,Perempuan,0
7366784.0,6.0,Laki-laki,1
10016272.0,7.6,Perempuan,1
4957660.0,5.2,Perempuan,0
7921683.0,2.3,Perempuan,1
6016652.0,6.7,Laki-laki,0
7071862.0,0.7999999999999998,Laki-laki,0
10196129.0,4.4,Perempuan,1
7477747.0,1.6000000000000005,Perempuan,1
7116091.0,1.7999999999999998,Perempuan,0
3600359.0,2.0,Laki-laki,0
8865633.0,3.8999999999999995,Perempuan,1
8613710.0,0.5,Laki-laki,1
12408136.0,4.0,Perempuan,1
6230554.0,5.1,Perempuan,0
7547875.0,4.8,Perempuan,1
7623458.999999999,3.8,Laki-laki,1
10943633.0,8.4,Laki-laki,1
6761761.0,1.5,Perempuan,0
7697553.0,5.1,Laki-laki,1
8519741.0,0.5999999999999988,Perempuan,1
7466522.0,0.7000000000000002,Laki-laki,1
5883915.0,5.7,Laki-laki,0
7485224.0,5.7,Laki-laki,1
9684079.0,8.8,Perempuan,1
4433711.0,5.6,Laki-laki,0
7332424.0,9.600000000000001,Laki-laki,1
5249697.0,0.5,Perempuan,0
9987616.0,1.0,Perempuan,1
3192032.0,0.40000000000000036,Perempuan,0
5602695.0,1.9,Perempuan,0
7943029.0,5.4,Laki-laki,1
10913810.0,6.5,Laki-laki,1
6835624.0,0.5,Laki-laki,0
5612001.0,9.499999999999998,Laki-laki,0
11702892.0,8.4,Laki-laki,1
3379965.0,3.0,Perempuan,0
1502985.0,0.7999999999999998,Laki-laki,0
8100036.0,1.7000000000000002,Laki-laki,1
5744864.000000001,1.2999999999999998,Laki-laki,0
4446917.0,1.2000000000000002,Perempuan,0
8770891.0,5.2,Perempuan,1
7609501.0,2.4999999999999996,Laki-laki,1
5589803.0,3.5999999999999996,Perempuan,0
3799239.0,9.900000000000002,Perempuan,0
9181143.0,6.799999999999999,Perempuan,1
8625502.0,9.499999999999998,Perempuan,1
6752060.0,1.3999999999999995,Perempuan,0
11616592.0,3.8,Perempuan,1
4324788.0,5.5,Perempuan,0
3186187.0,0.7999999999999998,Laki-laki,0
5270229.0,0.0,Laki-laki,0
6886034.0,6.7,Perempuan,0
7608348.0,6.4,Laki-laki,1
6396909.0,4.1,Laki-laki,0
7880138.0,4.9,Perempuan,1
3871151.0,4.2,Laki-laki,0
10609411.0,0.1999999999999993,Perempuan,1
6794622.0,3.4,Perempuan,0
9793239.0,1.7999999999999998,Perempuan,1
7856813.0,1.0,Laki-laki,1
8141883.0,9.600000000000001,Laki-laki,1
8424418.0,6.0,Laki-laki,1
8119271.0,7.300000000000001,Laki-laki,1
8606806.0,3.2,Perempuan,1
10322881.0,3.8999999999999995,Perempuan,1
7491302.0,2.4,Laki-laki,1
8772509.0,1.0,Perempuan,1
6775660.0,1.7999999999999998,Perempuan,0
10600293.0,7.999999999999999,Laki-laki,1
5309019.0,6.799999999999999,Perempuan,0
11502351.0,5.5,Laki-laki,1
6899605.0,4.8,Perempuan,0
3423062.0,9.2,Laki-laki,0
7320261.0,0.7000000000000002,Perempuan,1
5297370.0,2.8,Perempuan,0
9101608.000000002,3.5,Laki-laki,1
5368440.0,7.8,Laki-laki,0
5884541.0,9.900000000000002,Laki-laki,0
2276148.0,2.4,Laki-laki,0
5869234.0,8.7,Perempuan,0
1000000.0,8.3,Perempuan,0
3040242.0,2.2,Laki-laki,0
8901036.0,4.0,Perempuan,1
8964500.0,4.1,Laki-laki,1
8063643.0,9.8,Laki-laki,1
4582559.0,1.7999999999999998,Perempuan,0
6880721.0,7.999999999999999,Perempuan,0
6990993.0,3.3,Laki-laki,0
4104087.9999999995,7.300000000000001,Laki-laki,0
10758495.0,4.2,Laki-laki,1
9193405.0,5.8,Perempuan,1
6447589.0,8.3,Perempuan,0
7067214.0,7.999999999999999,Perempuan,0
7520957.0,8.7,Perempuan,1
1895662.0,0.5999999999999988,Laki-laki,0
6382056.0,6.9,Laki-laki,0
5295039.0,1.3999999999999995,Laki-laki,0
4495949.0,4.2,Laki-laki,0
6297249.0,5.5,Laki-laki,0
11494216.0,4.0,Laki-laki,1
8602107.0,5.2,Perempuan,1
5572052.0,10.0,Perempuan,0
8431456.0,1.3999999999999995,Laki-laki,1
10498388.0,6.799999999999999,Laki-laki,1
9311584.0,4.0,Perempuan,1
7149075.0,1.2999999999999998,Perempuan,1
5382658.0,1.6000000000000005,Perempuan,0
8745558.0,9.499999999999998,Perempuan,1
7983713.0,8.8,Laki-laki,1
9237983.0,9.099999999999998,Laki-laki,1
8587929.0,9.900000000000002,Laki-laki,1
9623881.0,2.1,Laki-laki,1
5661911.0,3.5999999999999996,Laki-laki,0
10293485.0,6.7,Perempuan,1
7493999.0,4.8,Laki-laki,1
12188152.0,4.2,Perempuan,1
5277030.0,3.5999999999999996,Laki-laki,0
11339909.0,5.9,Laki-laki,1
7494776.0,5.8,Laki-laki,1
5371454.0,1.6000000000000005,Laki-laki,0
5790285.0,4.7,Laki-laki,0
6199131.0,5.5,Perempuan,0
8060414.0,5.7,Perempuan,1
8307088.0,2.1,Perempuan,1
5565749.0,7.4,Laki-laki,0
6939113.0,0.2999999999999998,Laki-laki,0
12355675.0,3.5,Perempuan,1
11318857.0,7.8,Laki-laki,1
8090809.0,5.6,Laki-laki,1
7095008.0,2.6,Perempuan,0
7300078.0,6.9,Laki-laki,1
8533794.0,5.7,Perempuan,1
4443018.000000001,7.999999999999999,Laki-laki,0
6356558.0,7.4,Perempuan,0
2828539.0,6.1,Laki-laki,0
7998057.0,4.9,Laki-laki,1
8617989.0,1.2999999999999998,Perempuan,1
5792033.0,2.6,Laki-laki,0
10934965.999999998,4.2,Laki-laki,1
3935585.0,6.0,Perempuan,0
3339062.0000000005,5.1,Laki-laki,0
7561129.0,2.9,Perempuan,1
9617745.0,0.09999999999999964,Laki-laki,1
11209819.0,5.0,Laki-laki,1
5852789.0,2.9,Laki-laki,0
9696702.0,7.300000000000001,Laki-laki,1
6903728.0,0.1999999999999993,Perempuan,0
6568431.0,5.8,Laki-laki,0
9209149.0,9.4,Perempuan,1
8630807.0,1.7000000000000002,Laki-laki,1
3059018.9999999995,4.7,Laki-laki,0
10691350.0,0.9000000000000004,Laki-laki,1
10450228.0,6.3,Laki-laki,1
5436093.0,5.5,Perempuan,0
7989508.0,4.1,Perempuan,1
8235075.0,5.2,Perempuan,1
7651684.0,9.0,Perempuan,1
5624237.0,2.0,Laki-laki,0
5320941.0,0.1999999999999993,Perempuan,0
6936114.0,8.6,Perempuan,0
9931822.0,5.8,Laki-laki,1
8359000.000000001,8.899999999999999,Laki-laki,1
6073463.999999999,6.0,Laki-laki,0
8929246.0,8.099999999999998,Laki-laki,1
1000000.0,4.3,Perempuan,0
9871914.0,7.5,Perempuan,1
2650715.0,9.099999999999998,Laki-laki,0
6093897.0,5.7,Laki-laki,0
4200825.0,1.7999999999999998,Laki-laki,0
3763295.9999999995,2.7,Perempuan,0
9902066.0,2.0,Perempuan,1
5830746.0,2.4999999999999996,Laki-laki,0
7866259.0,3.1,Laki-laki,1
6882698.0,5.6,Perempuan,0
8192602.0,5.9,Laki-laki,1
7192054.0,4.3,Laki-laki,1
3792519.0,6.199999999999999,Perempuan,0
9490667.0,0.7999999999999998,Laki-laki,1
5765608.0,0.9000000000000004,Perempuan,0
3108544.9999999995,1.7000000000000002,Laki-laki,0
5929712.0,5.2,Laki-laki,0
10751899.0,2.1,Perempuan,1
9125554.0,2.8,Perempuan,1
6128369.0,4.0,Laki-laki,0
6126855.0,8.099999999999998,Perempuan,0
6195912.0,0.09999999999999964,Laki-laki,0
12191869.0,6.5,Laki-laki,1
7954838.0,6.7,Perempuan,1
8075104.000000001,7.999999999999999,Laki-laki,1
9575708.0,9.3,Laki-laki,1
7596972.0,0.1999999999999993,Perempuan,1
6352394.0,1.5,Perempuan,0
6509125.0,8.899999999999999,Laki-laki,0
6820996.0,4.6,Perempuan,0
6906944.0,5.6,Perempuan,0
8819073.0,6.6,Perempuan,1
7129864.0,6.799999999999999,Perempuan,1
8831600.0,9.3,Laki-laki,1
6798208.0,10.0,Laki-laki,0
7196587.0,7.2,Laki-laki,1
2004498.0,2.9,Perempuan,0
9290819.0,8.8,Perempuan,1
7866221.0,0.5,Perempuan,1
9495025.0,2.3,Perempuan,1
1000000.0,9.0,Perempuan,0
12220936.0,2.6,Perempuan,1
6651025.0,2.2,Perempuan,0
9770457.0,1.3999999999999995,Laki-laki,1
4400235.0,8.6,Laki-laki,0
8531934.0,5.0,Perempuan,1
4366461.0,6.7,Perempuan,0
5440577.0,2.4,Perempuan,0
11785078.0,7.6,Laki-laki,1
6523293.0,7.6,Laki-laki,0
7543582.0,3.1,Perempuan,1
9175169.0,4.1,Perempuan,1
8239204.0,2.1,Laki-laki,1
7376047.0,9.8,Laki-laki,1
7912402.0,6.5,Laki-laki,1
13008538.0,9.3,Laki-laki,1
6855953.0,3.0,Perempuan,0
7502747.0,7.8,Laki-laki,1
9626635.0,7.700000000000001,Laki-laki,1
9763814.0,6.9,Perempuan,1
9967575.0,9.7,Laki-laki,1
8596825.0,3.8999999999999995,Laki-laki,1
4142487.0,1.2999999999999998,Laki-laki,0
11083577.999999998,6.7,Perempuan,1
4134136.0,7.300000000000001,Laki-laki,0
7756588.0,5.8,Perempuan,1
5114310.0,2.1,Perempuan,0
6839654.0,5.0,Laki-laki,0
7821906.0,3.1,Laki-laki,1
7803393.0,4.3,Laki-laki,1
8054801.0,6.5,Laki-laki,1
11034278.0,7.5,Perempuan,1
8133835.0,2.3,Laki-laki,1
6389608.0,4.1,Laki-laki,0
9410217.0,2.7,Laki-laki,1
9973676.0,2.0,Perempuan,1
3930980.0,7.8,Laki-laki,0
8493500.0,9.099999999999998,Laki-laki,1
8752931.0,3.7,Perempuan,1
6256091.0,7.5,Perempuan,0
10439267.0,9.0,Laki-laki,1
6624861.0,8.5,Laki-laki,0
7313941.0,1.7999999999999998,Laki-laki,1
6567320.0,9.600000000000001,Laki-laki,0
7038947.0,3.8,Laki-laki,0
4259312.0,3.4,Perempuan,0
3399872.0,0.5999999999999988,Perempuan,0
10986262.0,4.9,Laki-laki,1
4882596.0,1.0999999999999996,Laki-laki,0
4521519.0,2.4999999999999996,Perempuan,0
1616524.0,3.2,Laki-laki,0
5402595.0,8.099999999999998,Laki-laki,0
3692275.0,8.8,Laki-laki,0
11105037.0,3.0,Laki-laki,1
9524542.0,8.6,Laki-laki,1
5279624.0,8.6,Perempuan,0
12631089.0,7.6,Laki-laki,1
9454413.0,1.5,Laki-laki,1
6187921.0,6.9,Laki-laki,0
1000000.0,9.499999999999998,Perempuan,0
12727356.0,6.799999999999999,Perempuan,1
3526068.0,3.3,Perempuan,0
2886503.0,5.0,Perempuan,0
9556426.0,6.5,Laki-laki,1
13099381.0,5.1,Perempuan,1
10460682.0,1.2000000000000002,Laki-laki,1
8409772.0,3.1,Laki-laki,1
8486885.0,7.999999999999999,Perempuan,1
9133538.0,8.6,Perempuan,1
8897321.0,1.3999999999999995,Perempuan,1
7702978.0,9.499999999999998,Perempuan,1
7260502.0,3.3,Perempuan,1
6843517.0,6.6,Laki-laki,0
5115088.0,7.5,Perempuan,0
6298312.0,8.099999999999998,Perempuan,0
2767607.0,9.499999999999998,Perempuan,0
6754150.0,3.1,Laki-laki,0
4528522.0,8.6,Perempuan,0
4241026.000000001,1.2999999999999998,Laki-laki,0
7449735.0,7.1000000000000005,Perempuan,1
10480005.0,7.4,Perempuan,1
9295791.0,6.799999999999999,Laki-laki,1
3073748.0,2.4999999999999996,Perempuan,0
4525929.0,8.7,Laki-laki,0
9351927.0,1.7000000000000002,Laki-laki,1
4543781.0,0.5,Laki-laki,0
6438417.0,7.2,Perempuan,0
8375129.999999999,4.8,Perempuan,1
4579138.0,8.5,Perempuan,0
7263438.0,3.8,Laki-laki,1
3664936.0,1.7000000000000002,Perempuan,0
5496580.0,8.4,Laki-laki,0
7799454.0,5.5,Perempuan,1
3017515.0,1.9,Laki-laki,0
8101186.0,7.2,Laki-laki,1
6950905.0,5.1,Laki-laki,0
8381223.999999999,6.0,Perempuan,1
7559785.0,4.6,Laki-laki,1
10410351.0,8.3,Laki-laki,1
7313061.0,8.3,Laki-laki,1
5926486.0,7.1000000000000005,Laki-laki,0
7305743.0,1.0999999999999996,Laki-laki,1
8358245.0,8.4,Laki-laki,1
7122150.0,6.7,Perempuan,1
7101479.0,7.0,Perempuan,0
5245020.0,3.5999999999999996,Laki-laki,0
5342746.999999999,8.8,Perempuan,0
3493486.0,7.300000000000001,Perempuan,0
11373941.0,1.0999999999999996,Laki-laki,1
3890341.0000000005,4.1,Laki-laki,0
5267737.0,8.899999999999999,Laki-laki,0
5203981.0,0.5,Perempuan,0
9237310.0,9.600000000000001,Laki-laki,1
6262625.0,6.799999999999999,Perempuan,0
10119355.0,6.3,Laki-laki,1
5316272.999999999,2.7,Perempuan,0
7697485.0,2.4999999999999996,Laki-laki,1
4911632.0,9.4,Laki-laki,0
12362872.0,3.0,Perempuan,1
4031003.0000000005,7.8,Perempuan,0
7774551.0,3.8999999999999995,Perempuan,1
8584442.0,1.3999999999999995,Perempuan,1
8034497.0,0.09999999999999964,Perempuan,1
6536780.0,5.4,Perempuan,0
6675448.0,9.8,Laki-laki,0
7109528.0,3.7,Perempuan,0
6632494.0,3.5999999999999996,Laki-laki,0
9409697.0,3.4,Laki-laki,1
12526307.0,5.2,Perempuan,1
5606270.0,4.4,Laki-laki,0
3575492.0,8.8,Perempuan,0
6779294.0,5.1,Perempuan,0
13449273.0,5.1,Laki-laki,1
4990813.0,1.3999999999999995,Laki-laki,0
11097792.0,9.8,Perempuan,1
11194252.0,2.4999999999999996,Perempuan,1
5616029.0,0.7000000000000002,Laki-laki,0
8422457.0,6.6,Laki-laki,1
11070991.0,6.0,Laki-laki,1
6052180.0,4.2,Laki-laki,0
6491049.0,4.2,Perempuan,0
5545797.0,7.9,Perempuan,0
4463108.0,2.0,Perempuan,0
5376806.0,8.2,Perempuan,0
3940149.0,6.5,Laki-laki,0
7085208.0,4.2,Laki-laki,0
5075066.0,4.6,Perempuan,0
7584464.0,2.6,Perempuan,1
3110260.0,7.5,Perempuan,0
7827200.0,5.1,Perempuan,1
9083822.0,3.2,Perempuan,1
2015660.0,6.0,Perempuan,0
7935141.0,10.0,Perempuan,1
10069172.0,4.4,Perempuan,1
3975897.0,9.2,Perempuan,0
11181430.0,3.5,Laki-laki,1
8047547.0,0.5,Perempuan,1
5237470.0,2.0,Laki-laki,0
6860577.0,4.2,Laki-laki,0
8395817.0,2.2,Perempuan,1
7190013.0,0.0,Perempuan,1
8346889.0,9.2,Laki-laki,1
4698316.0,8.4,Laki-laki,0
7423402.0,7.4,Perempuan,1
3465713.0,1.7000000000000002,Laki-laki,0
6721934.0,1.2000000000000002,Perempuan,0
4740230.0,0.7000000000000002,Perempuan,0
5161175.0,7.2,Perempuan,0
10090232.0,9.3,Laki-laki,1
9728275.0,4.3,Laki-laki,1
8522845.0,1.2000000000000002,Perempuan,1
4269218.0,5.1,Laki-laki,0
6208978.0,3.5,Laki-laki,0
10032744.0,3.7,Laki-laki,1
7354292.0,6.199999999999999,Laki-laki,1
12798323.0,7.2,Laki-laki,1
7983294.0,1.0999999999999996,Laki-laki,1
7480122.0,0.40000000000000036,Laki-laki,1
6227208.0,9.900000000000002,Perempuan,0
7333852.0,2.3,Laki-laki,1
6618825.0,0.5,Laki-laki,0
8770271.0,1.9,Laki-laki,1
9391755.0,0.40000000000000036,Laki-laki,1
5035026.0,3.8999999999999995,Laki-laki,0
3671917.0,7.999999999999999,Laki-laki,0
2409485.999999999,3.4,Laki-laki,0
8269978.0,4.4,Laki-laki,1
4241583.0,6.799999999999999,Perempuan,0
1617773.0,5.1,Laki-laki,0
7971446.0,8.6,Laki-laki,1
13232498.0,8.7,Laki-laki,1
6984822.0,0.09999999999999964,Laki-laki,0
9096226.0,7.8,Perempuan,1
7204573.0,4.6,Perempuan,1
6752775.0,9.900000000000002,Perempuan,0
9297691.0,4.8,Perempuan,1
6274313.0,9.900000000000002,Perempuan,0
7668480.0,7.5,Perempuan,1
7804244.0,2.4999999999999996,Perempuan,1
5329773.0,5.4,Perempuan,0
9480105.0,9.900000000000002,Perempuan,1
6562600.0,8.6,Perempuan,0
5110637.0,1.0,Perempuan,0
8341274.0,7.1000000000000005,Perempuan,1
4753830.0,3.5,Perempuan,0
7070452.0,0.09999999999999964,Perempuan,0
6977202.0,4.0,Perempuan,0
9714738.0,2.3,Perempuan,1
8186745.0,8.2,Laki-laki,1
6937432.0,3.4,Perempuan,0
9044414.999999998,8.3,Laki-laki,1
10475518.0,0.0,Perempuan,1
8394525.0,3.1,Perempuan,1
7025881.0,2.4,Laki-laki,0
3720409.0,2.3,Perempuan,0
4337215.0,0.7000000000000002,Laki-laki,0
6236938.0,1.9,Laki-laki,0
5476219.0,5.6,Laki-laki,0
6532571.0,2.9,Perempuan,0
7141624.0,4.2,Perempuan,1
8324231.000000001,3.8,Perempuan,1
6823753.0,8.8,Laki-laki,0
8216254.0,9.099999999999998,Laki-laki,1
7161186.0,4.9,Perempuan,1
2061333.0,3.3,Perempuan,0
4651661.0,1.0999999999999996,Perempuan,0
6639781.0,9.499999999999998,Perempuan,0
3975763.0,0.5999999999999988,Perempuan,0
8499821.0,3.0,Laki-laki,1
10826877.0,3.0,Laki-laki,1
10046904.0,3.2,Laki-laki,1
6466392.0,1.6000000000000005,Perempuan,0
10726815.0,7.8,Laki-laki,1
7371668.0,1.2000000000000002,Laki-laki,1
6157285.0,6.3,Laki-laki,0
5466493.0,1.2000000000000002,Laki-laki,0
6243825.0,0.7000000000000002,Laki-laki,0
6029557.0,9.099999999999998,Perempuan,0
7426040.0,1.9,Laki-laki,1
7401434.0,8.2,Perempuan,1
7007615.0,5.4,Perempuan,0
8092345.0,0.7999999999999998,Perempuan,1
9976615.0,9.600000000000001,Perempuan,1
9373885.0,2.4999999999999996,Perempuan,1
3287755.0,8.6,Laki-laki,0
1000000.0,1.7000000000000002,Laki-laki,0
9335799.0,8.5,Perempuan,1
3582803.0,0.09999999999999964,Perempuan,0
6438086.0,5.1,Perempuan,0
4074717.0,7.700000000000001,Laki-laki,0
2495048.000000001,9.3,Perempuan,0
8353655.999999999,9.099999999999998,Laki-laki,1
8897887.0,8.2,Perempuan,1
5558722.999999999,8.899999999999999,Laki-laki,0
1000000.0,2.0,Perempuan,0
5634388.0,2.8,Laki-laki,0
7979510.0,2.9,Perempuan,1
3302721.0,3.8,Laki-laki,0
7458399.0,3.8999999999999995,Laki-laki,1
6961725.0,5.4,Laki-laki,0
8448228.0,1.6000000000000005,Laki-laki,1
7298950.0,6.9,Laki-laki,1
4567327.0,1.7000000000000002,Laki-laki,0
9991428.0,3.1,Laki-laki,1
6603676.0,5.0,Perempuan,0
6931738.0,7.999999999999999,Perempuan,0
4666830.0,7.4,Perempuan,0
5891794.0,6.5,Perempuan,0
4787993.0,1.6000000000000005,Perempuan,0
6567634.0,5.5,Laki-laki,0
11279271.0,0.9000000000000004,Laki-laki,1
3570247.0,3.8,Laki-laki,0
2966096.0,4.1,Laki-laki,0
10677925.0,0.40000000000000036,Laki-laki,1
6476690.0,2.7,Perempuan,0
5327318.0,9.600000000000001,Perempuan,0
9599761.0,9.499999999999998,Perempuan,1
5485961.0,3.5,Perempuan,0
11565024.0,0.40000000000000036,Laki-laki,1
8694813.999999998,1.7999999999999998,Laki-laki,1
5780221.0,3.8999999999999995,Laki-laki,0
12393270.0,9.499999999999998,Perempuan,1
5485711.999999999,1.3999999999999995,Laki-laki,0
8855238.0,7.6,Perempuan,1
7748231.0,1.0999999999999996,Laki-laki,1
10254353.0,9.8,Laki-laki,1
10903777.0,3.8,Perempuan,1
7080010.0,7.8,Laki-laki,0
5116455.0,3.4,Laki-laki,0
8149930.0,6.3,Perempuan,1
5305711.0,1.9,Laki-laki,0
12033468.0,1.5,Perempuan,1
7341338.0,9.4,Laki-laki,1
6086696.0,9.2,Laki-laki,0
7461700.0,8.899999999999999,Laki-laki,1
3632184.0,6.3,Laki-laki,0
4570964.0,8.099999999999998,Laki-laki,0
10001034.0,0.7000000000000002,Laki-laki,1
5357764.0,3.3,Laki-laki,0
4382722.0,3.1,Laki-laki,0
8341630.999999999,6.4,Perempuan,1
9964260.0,3.5999999999999996,Perempuan,1
8797383.0,1.5,Laki-laki,1
9490119.0,6.0,Laki-laki,1
5108011.999999999,8.099999999999998,Perempuan,0
3445473.0,3.8,Laki-laki,0
10753333.999999998,1.2999999999999998,Laki-laki,1
6193300.0,2.0,Perempuan,0
6372917.0,2.4,Laki-laki,0
10320485.0,3.0,Laki-laki,1
8390575.0,6.4,Perempuan,1
8139719.0,6.0,Laki-laki,1
12412505.0,7.0,Laki-laki,1
5391204.0,3.5999999999999996,Perempuan,0
9319600.0,8.2,Laki-laki,1
7142532.0,2.0,Perempuan,1
7671480.0,4.7,Laki-laki,1
10821171.0,7.999999999999999,Laki-laki,1
8269589.0,1.7999999999999998,Perempuan,1
8345739.999999999,1.0999999999999996,Perempuan,1
9681268.0,8.8,Laki-laki,1
6087618.0,3.4,Perempuan,0
4901975.0,6.799999999999999,Perempuan,0
4387977.000000001,0.2999999999999998,Laki-laki,0
2084108.0,6.9,Laki-laki,0
12140517.0,3.2,Laki-laki,1
4241979.0,0.5999999999999988,Perempuan,0
6446865.0,6.1,Perempuan,0
6307966.0,2.4,Perempuan,0
7768516.0,3.8999999999999995,Perempuan,1
9039343.0,0.7999999999999998,Laki-laki,1
9151183.0,1.5,Perempuan,1
5542306.0,3.0,Laki-laki,0
6582195.0,0.9000000000000004,Perempuan,0
7706449.0,9.099999999999998,Laki-laki,1
6378272.0,0.09999999999999964,Laki-laki,0
11018363.0,4.8,Laki-laki,1
8227437.0,1.2000000000000002,Perempuan,1
8837194.0,3.1,Laki-laki,1
8657203.0,9.3,Laki-laki,1
9933684.0,1.6000000000000005,Perempuan,1
7452553.0,9.7,Laki-laki,1
3757920.0,2.1,Perempuan,0
7999219.0,7.4,Perempuan,1
5371607.0,5.5,Laki-laki,0
5678458.0,8.8,Laki-laki,0
8465910.0,5.5,Perempuan,1
10095707.0,5.300000000000001,Laki-laki,1
7053178.0,2.0,Perempuan,0
7772082.0,1.7000000000000002,Perempuan,1
11255537.0,9.2,Perempuan,1
7601882.0,3.3,Laki-laki,1
13504207.0,3.7,Perempuan,1
8413774.0,7.6,Laki-laki,1
2598093.0,3.4,Laki-laki,0
8883354.0,9.499999999999998,Laki-laki,1
7952895.0,7.4,Laki-laki,1
10224381.0,6.0,Perempuan,1
8682953.0,8.8,Laki-laki,1
6653860.0,0.5,Perempuan,0
3939254.0,2.6,Perempuan,0
6477441.0,4.7,Laki-laki,0
4873698.0,2.3,Perempuan,0
5548691.000000001,7.4,Perempuan,0
8471446.0,9.2,Laki-laki,1
11174761.0,4.2,Perempuan,1
7986678.0,3.4,Perempuan,1
4010292.0,9.600000000000001,Perempuan,0
8111506.0,4.4,Perempuan,1
9991578.0,4.9,Laki-laki,1
5475542.0,3.5,Perempuan,0
6664957.0,9.099999999999998,Perempuan,0
7036720.0,5.7,Perempuan,0
5037754.0,7.6,Perempuan,0
8620701.0,8.099999999999998,Laki-laki,1
6697629.0,3.4,Perempuan,0
8048831.0,4.3,Laki-laki,1
4781269.0,8.5,Perempuan,0
5906354.0,3.5999999999999996,Laki-laki,0
8805953.0,7.9,Laki-laki,1
6067917.0,9.4,Laki-laki,0
11317409.0,6.199999999999999,Laki-laki,1
6000909.0,7.4,Laki-laki,0
7561711.0,8.099999999999998,Perempuan,1
9331477.0,8.5,Perempuan,1
3454085.0,4.0,Perempuan,0
2597977.000000001,0.5,Laki-laki,0
3185859.0,4.0,Perempuan,0
10156460.0,6.7,Laki-laki,1
5620354.0,4.5,Laki-laki,0
13395498.0,7.5,Perempuan,1
5589381.0,3.5999999999999996,Perempuan,0
7461378.0,6.3,Laki-laki,1
10855274.0,1.9,Laki-laki,1
12015232.0,7.5,Perempuan,1
12153758.000000002,5.5,Perempuan,1
10020915.0,2.0,Perempuan,1
9560156.0,2.9,Perempuan,1
8481317.0,7.5,Laki-laki,1
16631828.0,4.8,Laki-laki,1
10000.000000000931,4.8,Laki-laki,0
